상품 분류,카테고리,아이템,기장,색상,세부 색상,제품 링크,소매 기장,이미지 경로
의류,아우터,야상,42,"화이트, 하늘","[166.00157475886502, 150.8963471218469, 143.93436630016112]",https://a-bly.com/app/goods/2255801,25,./images/ably/field/field_0.jpg
의류,아우터,야상,상세페이지 참조,상세페이지 참조,"[19.077564280682225, 18.88161241370642, 22.123453095946424]",https://a-bly.com/app/goods/2883004,상세페이지 참조,./images/ably/field/field_1.jpg
의류,아우터,야상,상세페이지 참조,상세페이지 참조,"[177.26773658313357, 161.3627131250707, 154.24362055155015]",https://a-bly.com/app/goods/2386590,상세페이지 참조,./images/ably/field/field_2.jpg
의류,아우터,야상,상세페이지 참조,상세페이지 참조,"[185.59627204945753, 175.56330241862156, 163.27012184033873]",https://a-bly.com/app/goods/1196370,상세페이지 참조,./images/ably/field/field_3.jpg
의류,아우터,야상,상세페이지 참조,상세페이지 참조,"[17.88773934525841, 17.693290611474453, 21.080180667083482]",https://a-bly.com/app/goods/2535204,상세페이지 참조,./images/ably/field/field_4.jpg
의류,아우터,야상,상세페이지 참조,상세페이지 참조,"[147.77912845966262, 156.04357701690924, 174.96683351560515]",https://a-bly.com/app/goods/2246960,상세페이지 참조,./images/ably/field/field_5.jpg
의류,아우터,야상,47,"블랙, 아이보리, 네츄럴","[144.54660255878863, 124.4764431180755, 108.08845229213262]",https://a-bly.com/app/goods/2743115,20,./images/ably/field/field_6.jpg
의류,아우터,야상,70,"블랙, 라이트그레이","[203.6616421994756, 202.71845849144717, 199.04460033563643]",https://a-bly.com/app/goods/3560635,62,./images/ably/field/field_7.jpg
의류,아우터,야상,42,4COLOR,"[174.34300709409192, 143.33177663619773, 149.94455934351993]",https://a-bly.com/app/goods/2336016,32,./images/ably/field/field_8.jpg
의류,아우터,야상,상세페이지 참조,상세페이지 참조,"[163.40590515955702, 152.46180866222508, 146.69195082347693]",https://a-bly.com/app/goods/2535149,상세페이지 참조,./images/ably/field/field_9.jpg
의류,아우터,야상,상세페이지 참조,상세페이지 참조,"[13.54333898624472, 12.10688713019627, 13.043857169782143]",https://a-bly.com/app/goods/2155539,상세페이지 참조,./images/ably/field/field_10.jpg
의류,아우터,야상,66,"그레이, 블랙, 아이보리","[96.74919288593128, 95.81047624505223, 104.30964525187603]",https://a-bly.com/app/goods/3753804,57,./images/ably/field/field_11.jpg
의류,아우터,야상,상세페이지 참조,상세페이지 참조,"[198.0824556242015, 183.20466803961295, 165.5919388055267]",https://a-bly.com/app/goods/4078254,상세페이지 참조,./images/ably/field/field_12.jpg
의류,아우터,야상,108,"베이지, 블랙","[183.05246254984203, 178.56422028236142, 170.4159068865191]",https://a-bly.com/app/goods/3634929,49,./images/ably/field/field_13.jpg
의류,아우터,야상,61,"베이지, 버터옐로우, 블랙","[152.83774263800734, 148.65190796326064, 139.93455165230455]",https://a-bly.com/app/goods/3869190,55.5,./images/ably/field/field_14.jpg
의류,아우터,야상,63,화이트블랙카키베이지,"[62.58138686131293, 64.43258128732546, 57.63876907764017]",https://a-bly.com/app/goods/2476758,52,./images/ably/field/field_15.jpg
의류,아우터,야상,상세페이지 참조,블랙/화이트/카키/베이지/다크그레이,"[194.76814241184195, 177.8451685174319, 169.05513345021424]",https://a-bly.com/app/goods/1217796,상세페이지 참조,./images/ably/field/field_16.jpg
의류,아우터,야상,상세페이지 참조,블랙/그레이,"[207.245946236169, 197.27347245588322, 181.11550989726527]",https://a-bly.com/app/goods/2871970,상세페이지 참조,./images/ably/field/field_17.jpg
의류,아우터,야상,상세페이지 참조,아이보리/베이지/카키/다크그레이,"[196.94229188359665, 174.72558046071345, 161.4284539924388]",https://a-bly.com/app/goods/939845,상세페이지 참조,./images/ably/field/field_18.jpg
의류,아우터,야상,상세페이지 참조,상세페이지 참조,"[48.91948801462452, 50.42755921258812, 52.55344133024799]",https://a-bly.com/app/goods/3915906,상세페이지 참조,./images/ably/field/field_19.jpg
의류,아우터,야상,상세페이지 참조,상세페이지 참조,"[157.8908694070561, 160.31935249181356, 165.16173153874206]",https://a-bly.com/app/goods/2575382,상세페이지 참조,./images/ably/field/field_20.jpg
의류,아우터,야상,상세페이지 참조,상세페이지 참조,"[147.6041974314258, 141.95771244462665, 138.95596724392342]",https://a-bly.com/app/goods/2506201,상세페이지 참조,./images/ably/field/field_21.jpg
의류,아우터,야상,상세페이지 참조,상세페이지 참조,[],https://a-bly.com/app/goods/4431205,상세페이지 참조,./images/ably/field/field_22.jpg
의류,아우터,야상,상세페이지 참조,상세페이지 참조,"[33.92680827624504, 33.632561021784426, 35.39876751473372]",https://a-bly.com/app/goods/2928615,상세페이지 참조,./images/ably/field/field_23.jpg
의류,아우터,야상,69.5,Beige / Khaki / Gray,"[188.90505038297167, 186.4347891771039, 178.4334295167141]",https://a-bly.com/app/goods/1280789,62,./images/ably/field/field_24.jpg
의류,아우터,야상,62.5,"아이보리,블랙",[],https://a-bly.com/app/goods/717776,61,./images/ably/field/field_25.jpg
의류,아우터,야상,65,"블랙, 그레이","[151.27953929847686, 143.94081897434808, 135.37463865431505]",https://a-bly.com/app/goods/2863328,55,./images/ably/field/field_26.jpg
의류,아우터,야상,상세페이지 참조,상세페이지 참조,"[23.28192462110883, 19.868118470556666, 25.719252517190455]",https://a-bly.com/app/goods/2111406,상세페이지 참조,./images/ably/field/field_27.jpg
의류,아우터,야상,상세페이지 참조,상세페이지 참조,"[153.0388517973668, 140.39583569084317, 131.39806118214858]",https://a-bly.com/app/goods/4055302,상세페이지 참조,./images/ably/field/field_28.jpg
의류,아우터,야상,69,"베이지, 먹색","[101.64822763342472, 100.59192646719615, 94.5565419484523]",https://a-bly.com/app/goods/2006953,52,./images/ably/field/field_29.jpg
의류,아우터,야상,상세페이지 참조,상세페이지 참조,"[185.6506789735664, 183.8656792151924, 180.4457787657645]",https://a-bly.com/app/goods/3986279,상세페이지 참조,./images/ably/field/field_30.jpg
의류,아우터,야상,49,"블랙,아이보리","[133.32696921231536, 129.17565473810356, 127.66585865653724]",https://a-bly.com/app/goods/4185810,23,./images/ably/field/field_31.jpg
의류,아우터,야상,62,상세페이지 참조,"[197.98783824871091, 201.6750152021914, 199.37475296441897]",https://a-bly.com/app/goods/1969435,11.5,./images/ably/field/field_32.jpg
의류,아우터,야상,상세페이지 참조,상세페이지 참조,"[128.7207929568655, 119.30571952374146, 101.9196567076988]",https://a-bly.com/app/goods/3516308,상세페이지 참조,./images/ably/field/field_33.jpg
의류,아우터,야상,상세페이지 참조,상세페이지 참조,"[87.50497859740312, 75.89797327359875, 62.91529480353919]",https://a-bly.com/app/goods/1762698,상세페이지 참조,./images/ably/field/field_34.jpg
의류,아우터,야상,상세페이지 참조,"블랙,카키","[157.030308380414, 142.00131434400512, 125.04098006905114]",https://a-bly.com/app/goods/1416752,상세페이지 참조,./images/ably/field/field_35.jpg
의류,아우터,야상,62,"화이트,카키,블랙",[],https://a-bly.com/app/goods/730201,52,./images/ably/field/field_36.jpg
의류,아우터,야상,상세페이지 참조,상세페이지 참조,"[199.36294475906533, 191.16459023399034, 135.93309114222234]",https://a-bly.com/app/goods/3797477,상세페이지 참조,./images/ably/field/field_37.jpg
의류,아우터,야상,47,"화이트,베이지,카키,다크그레이","[37.632810732192794, 36.58235008890077, 34.31349604008693]",https://a-bly.com/app/goods/635382,45,./images/ably/field/field_38.jpg
의류,아우터,야상,67,"스톤, 블랙","[156.57886125654505, 151.99916375799933, 139.94388089005207]",https://a-bly.com/app/goods/2995726,57,./images/ably/field/field_39.jpg
의류,아우터,야상,상세페이지 참조,상세페이지 참조,"[157.2215434460155, 150.86571941603952, 145.31905300960716]",https://a-bly.com/app/goods/219971,상세페이지 참조,./images/ably/field/field_40.jpg
의류,아우터,야상,상세페이지 참조,상세페이지 참조,"[197.00674291397718, 195.28584783689936, 188.19872700149017]",https://a-bly.com/app/goods/617176,상세페이지 참조,./images/ably/field/field_41.jpg
의류,아우터,야상,67,"스톤,블랙","[123.54216867469964, 116.01643688154809, 113.29687823458778]",https://a-bly.com/app/goods/1270887,57,./images/ably/field/field_42.jpg
의류,아우터,야상,50,"그레이, 베이지(품절), 블랙, 크림","[197.3755032845917, 190.0556968284152, 179.89339196158426]",https://a-bly.com/app/goods/791649,44,./images/ably/field/field_43.jpg
의류,아우터,야상,상세페이지 참조,상세페이지 참조,[],https://a-bly.com/app/goods/3766967,상세페이지 참조,./images/ably/field/field_44.jpg
의류,아우터,야상,상세페이지 참조,상품 상세 참조,"[194.8415971278914, 192.42774435604014, 182.7228960476103]",https://a-bly.com/app/goods/552733,상세페이지 참조,./images/ably/field/field_45.jpg
의류,아우터,야상,65,"아이보리, 베이지, 블랙","[184.01192593722084, 185.43765140349913, 182.36262302857244]",https://a-bly.com/app/goods/3852015,59.5,./images/ably/field/field_46.jpg
의류,아우터,야상,상세페이지 참조,블랙/연베이지,"[17.297602102279797, 26.013996861189284, 34.605058578776635]",https://a-bly.com/app/goods/570197,상세페이지 참조,./images/ably/field/field_47.jpg
의류,아우터,야상,상세페이지 참조,상세페이지 참조,"[152.66504631935703, 139.31100707241842, 123.21791015041228]",https://a-bly.com/app/goods/1405741,상세페이지 참조,./images/ably/field/field_48.jpg
의류,아우터,야상,상세페이지 참조,상품 상세 참조,"[194.7981131616669, 177.8823400685638, 169.09786758089808]",https://a-bly.com/app/goods/1825263,상세페이지 참조,./images/ably/field/field_49.jpg
의류,아우터,야상,73,"카키, 블랙 (+3000원)","[62.94789093237739, 56.86016561441123, 42.66250343123052]",https://a-bly.com/app/goods/2878787,62,./images/ably/field/field_50.jpg
의류,아우터,야상,67,"블랙, 스톤","[172.9327004012921, 165.4239013409013, 156.15957717529457]",https://a-bly.com/app/goods/2776557,58,./images/ably/field/field_51.jpg
의류,아우터,야상,상세페이지 참조,상세페이지 참조,"[33.06026689625962, 41.023645532248196, 51.86175511961366]",https://a-bly.com/app/goods/517468,상세페이지 참조,./images/ably/field/field_52.jpg
의류,아우터,야상,상세페이지 참조,상세페이지 참조,"[165.45415125114673, 157.49130763416537, 150.76522655846253]",https://a-bly.com/app/goods/218299,상세페이지 참조,./images/ably/field/field_53.jpg
의류,아우터,야상,상세페이지 참조,상세페이지 참조,[],https://a-bly.com/app/goods/3656936,상세페이지 참조,./images/ably/field/field_54.jpg
의류,아우터,야상,상세페이지 참조,상세페이지 참조,"[167.2527599367024, 135.54573210462783, 107.0337708275116]",https://a-bly.com/app/goods/3368520,상세페이지 참조,./images/ably/field/field_55.jpg
의류,아우터,야상,상세페이지 참조,상세페이지 참조,"[166.1547871676439, 152.025215328923, 142.14052106924427]",https://a-bly.com/app/goods/1955841,상세페이지 참조,./images/ably/field/field_56.jpg
의류,아우터,야상,47,"카키, 블랙, 화이트, 다크그레이","[168.79073081631378, 191.5867003873904, 199.959916501066]",https://a-bly.com/app/goods/1339428,47,./images/ably/field/field_57.jpg
의류,아우터,야상,73,"카키, 베이지","[154.35272331609832, 189.46330899123475, 214.99194408988336]",https://a-bly.com/app/goods/1519382,53,./images/ably/field/field_58.jpg
의류,아우터,야상,상세페이지 참조,상품 상세 참조,"[35.39575685753675, 30.848845275616426, 33.088071220057486]",https://a-bly.com/app/goods/1945079,상세페이지 참조,./images/ably/field/field_59.jpg
의류,아우터,야상,72,"베이지, 블랙","[30.380912335403238, 26.8177790540133, 31.90735119168471]",https://a-bly.com/app/goods/3590530,54,./images/ably/field/field_60.jpg
의류,아우터,야상,상세페이지 참조,상세페이지 참조,"[159.29261415874984, 157.5425681887835, 154.75431606905755]",https://a-bly.com/app/goods/1364288,상세페이지 참조,./images/ably/field/field_61.jpg
의류,아우터,야상,상세페이지 참조,상세페이지 참조,"[124.93891594156779, 116.98724355392169, 108.2140496527519]",https://a-bly.com/app/goods/2134396,상세페이지 참조,./images/ably/field/field_62.jpg
의류,아우터,야상,상세페이지 참조,"카키,블랙","[211.2274576370387, 204.05341098656754, 194.48620094238487]",https://a-bly.com/app/goods/2015094,상세페이지 참조,./images/ably/field/field_63.jpg
의류,아우터,야상,상세페이지 참조,"아이보리,차콜","[163.73142728959843, 146.65776862369268, 134.35422232191797]",https://a-bly.com/app/goods/1188285,상세페이지 참조,./images/ably/field/field_64.jpg
의류,아우터,야상,61,상세페이지 참조,"[131.99589298286705, 128.7286630681383, 117.18900101697413]",https://a-bly.com/app/goods/2026423,70.5,./images/ably/field/field_65.jpg
의류,아우터,야상,46,블랙 카키,"[120.33163219625587, 100.72969827200046, 74.88118900527722]",https://a-bly.com/app/goods/1232215,58,./images/ably/field/field_66.jpg
의류,아우터,야상,상세페이지 참조,상세페이지 참조,"[50.08926494315246, 41.623091065991616, 33.254043000272446]",https://a-bly.com/app/goods/2184333,상세페이지 참조,./images/ably/field/field_67.jpg
의류,아우터,야상,상세페이지 참조,상세페이지 참조,"[152.0822808899347, 139.03942770146196, 127.715113663885]",https://a-bly.com/app/goods/839937,상세페이지 참조,./images/ably/field/field_68.jpg
의류,아우터,야상,65,"블랙,카키,화이트","[82.40046888319429, 81.13210106176027, 69.89535379367727]",https://a-bly.com/app/goods/294378,53,./images/ably/field/field_69.jpg
의류,아우터,야상,상세페이지 참조,상세페이지 참조,"[145.77359621386069, 135.29658792650844, 123.62055924111903]",https://a-bly.com/app/goods/1447196,상세페이지 참조,./images/ably/field/field_70.jpg
의류,아우터,야상,상세페이지 참조,상세페이지 참조,"[23.25046419338822, 23.27183529326183, 20.145538282303008]",https://a-bly.com/app/goods/276851,상세페이지 참조,./images/ably/field/field_71.jpg
의류,아우터,야상,상세페이지 참조,상세페이지 참조,"[66.7224746098113, 64.18731197125314, 66.7787469461186]",https://a-bly.com/app/goods/3657150,상세페이지 참조,./images/ably/field/field_72.jpg
의류,아우터,야상,41,"그레이, 베이지(품절), 블랙, 크림","[159.12214809484055, 149.22449575010688, 139.39544473188192]",https://a-bly.com/app/goods/778452,45,./images/ably/field/field_73.jpg
의류,아우터,야상,65,상품 상세 참조,"[209.14349646310808, 207.28572574307046, 204.38143817269446]",https://a-bly.com/app/goods/3638870,56,./images/ably/field/field_74.jpg
의류,아우터,야상,상세페이지 참조,상세페이지 참조,"[197.2903306758294, 202.5797154605023, 203.6232843657716]",https://a-bly.com/app/goods/713500,상세페이지 참조,./images/ably/field/field_75.jpg
의류,아우터,야상,상세페이지 참조,FREE,"[194.05514868083867, 215.0399129386251, 232.97646989617448]",https://a-bly.com/app/goods/661470,상세페이지 참조,./images/ably/field/field_76.jpg
의류,아우터,야상,104,"아이보리, 블랙, 카키","[139.72102382485443, 129.18668169134907, 117.21773270372752]",https://a-bly.com/app/goods/2016625,58,./images/ably/field/field_77.jpg
의류,아우터,야상,상세페이지 참조,상세페이지 참조,"[220.4742647058795, 217.3953558696079, 210.03421823274903]",https://a-bly.com/app/goods/1947572,상세페이지 참조,./images/ably/field/field_78.jpg
의류,아우터,야상,상세페이지 참조,"블랙,베이지,화이트","[172.36480686695285, 160.92949110974894, 150.5138412017196]",https://a-bly.com/app/goods/222307,상세페이지 참조,./images/ably/field/field_79.jpg
의류,아우터,야상,상세페이지 참조,상세페이지 참조,"[160.38189124406327, 151.02681299055217, 140.2663204399124]",https://a-bly.com/app/goods/1282234,상세페이지 참조,./images/ably/field/field_80.jpg
의류,아우터,야상,상세페이지 참조,상세페이지 참조,"[189.50805495299997, 184.9868980477212, 178.1333333333328]",https://a-bly.com/app/goods/2101130,상세페이지 참조,./images/ably/field/field_81.jpg
의류,아우터,야상,상세페이지 참조,상세페이지 참조,"[125.16781022652978, 105.0338758059517, 76.67384408510186]",https://a-bly.com/app/goods/1903981,상세페이지 참조,./images/ably/field/field_82.jpg
의류,아우터,야상,상세페이지 참조,상세페이지 참조,"[154.09966331498518, 153.3044042040152, 152.9993402793554]",https://a-bly.com/app/goods/2769755,상세페이지 참조,./images/ably/field/field_83.jpg
의류,아우터,야상,상세페이지 참조,상세페이지 참조,"[81.27867514285616, 74.3091992974894, 58.83904321368627]",https://a-bly.com/app/goods/652502,상세페이지 참조,./images/ably/field/field_84.jpg
의류,아우터,야상,111,"블랙, 스톤, 카키","[161.53376647571073, 157.70914256438903, 150.0182804713322]",https://a-bly.com/app/goods/3840332,58,./images/ably/field/field_85.jpg
의류,아우터,야상,상세페이지 참조,상세페이지 참조,"[139.25022048632738, 139.5389693839009, 134.2054176641057]",https://a-bly.com/app/goods/3809518,상세페이지 참조,./images/ably/field/field_86.jpg
의류,아우터,야상,111.5,"베이지, 블랙(품절)","[221.72162693262547, 226.49412331764196, 230.71005895220102]",https://a-bly.com/app/goods/2084812,68,./images/ably/field/field_87.jpg
의류,아우터,야상,상세페이지 참조,상세페이지 참조,"[147.4955314395162, 142.1999082349198, 138.09804899457464]",https://a-bly.com/app/goods/2128948,상세페이지 참조,./images/ably/field/field_88.jpg
의류,아우터,야상,상세페이지 참조,상세페이지 참조,"[172.56074075898226, 134.97232004334114, 95.70256359741326]",https://a-bly.com/app/goods/2125954,상세페이지 참조,./images/ably/field/field_89.jpg
의류,아우터,야상,상세페이지 참조,상세페이지 참조,"[166.10002555475103, 159.03309340261677, 157.64265939775913]",https://a-bly.com/app/goods/1249792,상세페이지 참조,./images/ably/field/field_90.jpg
의류,아우터,야상,67,"스톤, 블랙","[121.89509407420462, 112.80625989097948, 104.71739053982864]",https://a-bly.com/app/goods/2077917,57,./images/ably/field/field_91.jpg
의류,아우터,야상,57,"크림, 옐로우, 연두","[128.36989611828142, 123.30367362008512, 117.71908302146531]",https://a-bly.com/app/goods/3977961,52.5,./images/ably/field/field_92.jpg
의류,아우터,야상,상세페이지 참조,"아이보리,베이지,다크그레이,연카키","[230.035650342285, 219.8574249605019, 212.79112690890327]",https://a-bly.com/app/goods/1031852,상세페이지 참조,./images/ably/field/field_93.jpg
의류,아우터,야상,상세페이지 참조,상세페이지 참조,"[148.12987915731176, 111.61929205432368, 72.94099561543993]",https://a-bly.com/app/goods/3679118,상세페이지 참조,./images/ably/field/field_94.jpg
의류,아우터,야상,상세페이지 참조,상세페이지 참조,"[27.891960386792277, 28.222551466009463, 32.9857298814629]",https://a-bly.com/app/goods/3149837,상세페이지 참조,./images/ably/field/field_95.jpg
의류,아우터,야상,상세페이지 참조,블랙/카키,"[43.88151163307113, 49.27441167311967, 42.634481071236905]",https://a-bly.com/app/goods/1412515,상세페이지 참조,./images/ably/field/field_96.jpg
의류,아우터,야상,96,"베이지, 블랙(품절)","[105.64112369191488, 116.21442295137015, 97.96901639650024]",https://a-bly.com/app/goods/1536944,65,./images/ably/field/field_97.jpg
의류,아우터,야상,70,"라이트그레이, 카키, 블랙","[129.2621665886747, 118.36245320542932, 112.47742161909298]",https://a-bly.com/app/goods/3167113,61,./images/ably/field/field_98.jpg
의류,아우터,야상,47,"블랙, 아이보리, 카키","[192.7999951027249, 191.1343323783713, 190.73123729768577]",https://a-bly.com/app/goods/2134753,49,./images/ably/field/field_99.jpg
의류,아우터,야상,상세페이지 참조,상세페이지 참조,"[119.89995464665824, 131.83441906489696, 130.90809763338038]",https://a-bly.com/app/goods/3860630,상세페이지 참조,./images/ably/field/field_100.jpg
의류,아우터,야상,상세페이지 참조,상세페이지 참조,"[209.28990561212248, 205.1129399730344, 195.72488027154185]",https://a-bly.com/app/goods/3769191,상세페이지 참조,./images/ably/field/field_101.jpg
의류,아우터,야상,109,"카키, 블랙","[142.35052159589856, 131.11571193264788, 120.08729868228694]",https://a-bly.com/app/goods/3057871,51,./images/ably/field/field_102.jpg
의류,아우터,야상,상세페이지 참조,"카키, 블랙","[151.4016264178908, 139.27926507191563, 127.5315498470484]",https://a-bly.com/app/goods/1208201,상세페이지 참조,./images/ably/field/field_103.jpg
의류,아우터,야상,상세페이지 참조,상세페이지 참조,"[222.75481494206866, 216.1809158411143, 210.57370822119228]",https://a-bly.com/app/goods/580123,상세페이지 참조,./images/ably/field/field_104.jpg
의류,아우터,야상,상세페이지 참조,블랙 아이보리,"[215.61849558373325, 192.33839765744756, 166.37221582181084]",https://a-bly.com/app/goods/560485,상세페이지 참조,./images/ably/field/field_105.jpg
의류,아우터,야상,상세페이지 참조,상세페이지 참조,"[67.80626808865313, 50.498433968995684, 33.31011378504283]",https://a-bly.com/app/goods/3461022,상세페이지 참조,./images/ably/field/field_106.jpg
의류,아우터,야상,상세페이지 참조,상세페이지 참조,"[24.233030682528522, 26.013290544756728, 33.99317470256506]",https://a-bly.com/app/goods/2128222,상세페이지 참조,./images/ably/field/field_107.jpg
의류,아우터,야상,상세페이지 참조,상세페이지 참조,"[50.459406261566, 42.36992867729286, 38.037583364217824]",https://a-bly.com/app/goods/2044347,상세페이지 참조,./images/ably/field/field_108.jpg
의류,아우터,야상,상세페이지 참조,상세페이지 참조,"[29.75318391634704, 22.68842111117371, 22.889716923426008]",https://a-bly.com/app/goods/2291998,상세페이지 참조,./images/ably/field/field_109.jpg
의류,아우터,야상,95.5,상세페이지 참조,"[99.08397503445254, 90.20651292859074, 80.18568128394006]",https://a-bly.com/app/goods/560662,51,./images/ably/field/field_110.jpg
의류,아우터,야상,상세페이지 참조,상세페이지 참조,"[126.30185764418623, 120.86700869697995, 120.00389075374015]",https://a-bly.com/app/goods/1989544,상세페이지 참조,./images/ably/field/field_111.jpg
의류,아우터,야상,상세페이지 참조,상세페이지 참조,"[47.144013463703715, 49.675629107229, 50.115102580538874]",https://a-bly.com/app/goods/527998,상세페이지 참조,./images/ably/field/field_112.jpg
의류,아우터,야상,상세페이지 참조,블랙,"[32.821822888909495, 31.776237975571675, 32.79590852560192]",https://a-bly.com/app/goods/1580506,상세페이지 참조,./images/ably/field/field_113.jpg
의류,아우터,야상,상세페이지 참조,블랙/화이트/핑크,"[172.45068792255228, 160.675742509139, 151.0884171204564]",https://a-bly.com/app/goods/960545,상세페이지 참조,./images/ably/field/field_114.jpg
의류,아우터,야상,상세페이지 참조,상세페이지 참조,"[149.73012995374458, 142.69678588976697, 136.8753494518899]",https://a-bly.com/app/goods/225304,상세페이지 참조,./images/ably/field/field_115.jpg
의류,아우터,야상,상세페이지 참조,"블랙,크림,카키 FREE","[156.92830819733285, 136.32451766746487, 117.62271221083631]",https://a-bly.com/app/goods/1539617,상세페이지 참조,./images/ably/field/field_116.jpg
의류,아우터,야상,58,"베이지, 차콜","[140.30550943726251, 130.07167511359614, 120.82176249563256]",https://a-bly.com/app/goods/2858083,52,./images/ably/field/field_117.jpg
의류,아우터,야상,상세페이지 참조,상세페이지 참조,"[135.58154635724605, 126.37594555394517, 115.63630480865602]",https://a-bly.com/app/goods/1928148,상세페이지 참조,./images/ably/field/field_118.jpg
의류,아우터,야상,69,"베이지, 먹색","[118.42287305352295, 111.85550170156108, 104.95877075384027]",https://a-bly.com/app/goods/1991520,52,./images/ably/field/field_119.jpg
의류,아우터,야상,48.5,"블랙, 모카, 베이지, 카키, 크림, 그레이","[118.5808000289854, 119.49329685857646, 117.227435776653]",https://a-bly.com/app/goods/3890112,42,./images/ably/field/field_120.jpg
의류,아우터,야상,상세페이지 참조,FREE,"[211.0871452909962, 204.0012273984718, 196.65980911206782]",https://a-bly.com/app/goods/648107,상세페이지 참조,./images/ably/field/field_121.jpg
의류,아우터,야상,상세페이지 참조,"화이트, 카키, 핑크, 블랙","[203.08722134895345, 204.18205201485705, 207.52250643041182]",https://a-bly.com/app/goods/2240230,상세페이지 참조,./images/ably/field/field_122.jpg
의류,아우터,야상,상세페이지 참조,상세페이지 참조,"[206.8489281154149, 203.14652449541586, 197.8219125915714]",https://a-bly.com/app/goods/2063260,상세페이지 참조,./images/ably/field/field_123.jpg
의류,아우터,야상,상세페이지 참조,상세페이지 참조,"[222.75481494206866, 216.1809158411143, 210.57370822119228]",https://a-bly.com/app/goods/274297,상세페이지 참조,./images/ably/field/field_124.jpg
의류,아우터,야상,상세페이지 참조,상세페이지 참조,"[189.43345928794895, 183.56566381275644, 178.89386329937707]",https://a-bly.com/app/goods/1986650,상세페이지 참조,./images/ably/field/field_125.jpg
의류,아우터,야상,69,"베이지, 차콜","[92.84369082457987, 66.70778102943737, 52.78804441383768]",https://a-bly.com/app/goods/3659758,52,./images/ably/field/field_126.jpg
의류,아우터,야상,상세페이지 참조,상세페이지 참조,"[211.70574945282263, 212.15664493657715, 211.2043256218921]",https://a-bly.com/app/goods/655848,상세페이지 참조,./images/ably/field/field_127.jpg
의류,아우터,야상,상세페이지 참조,상세페이지 참조,[],https://a-bly.com/app/goods/1223157,상세페이지 참조,./images/ably/field/field_128.jpg
의류,아우터,야상,44,화이트 브라운 먹색,"[148.78372657020682, 157.6519442617583, 169.94720075633185]",https://a-bly.com/app/goods/1240374,54,./images/ably/field/field_129.jpg
의류,아우터,야상,98,"카키, 블랙","[107.88842600978191, 102.98252128237873, 81.74649067198673]",https://a-bly.com/app/goods/3250490,64,./images/ably/field/field_130.jpg
의류,아우터,야상,69,상세페이지 참조,"[132.9229757535913, 117.96996245306572, 100.83074181709995]",https://a-bly.com/app/goods/622866,61,./images/ably/field/field_131.jpg
의류,아우터,야상,59,화이트 카키,"[157.86138283449824, 144.60012514339306, 127.73281885493914]",https://a-bly.com/app/goods/225003,57,./images/ably/field/field_132.jpg
의류,아우터,야상,상세페이지 참조,"화이트, 차콜","[160.86338848753226, 141.11561407597455, 129.09489629456658]",https://a-bly.com/app/goods/1218720,상세페이지 참조,./images/ably/field/field_133.jpg
의류,아우터,야상,61,"크림, 베이지, 차콜, 블랙","[149.9415130726168, 138.93582245265696, 118.60443868357027]",https://a-bly.com/app/goods/3807385,52,./images/ably/field/field_134.jpg
의류,아우터,야상,57,"블랙, 아이보리(품절), 카키(품절)","[210.4243047979781, 210.65210052899178, 217.47959162670355]",https://a-bly.com/app/goods/1242373,56,./images/ably/field/field_135.jpg
의류,아우터,야상,상세페이지 참조,상세페이지 참조,"[133.04734273713728, 127.2167083444649, 115.39784894024692]",https://a-bly.com/app/goods/2884057,상세페이지 참조,./images/ably/field/field_136.jpg
의류,아우터,야상,상세페이지 참조,상세페이지 참조,"[121.10089203864452, 122.45841266483637, 128.4160672731117]",https://a-bly.com/app/goods/3829511,상세페이지 참조,./images/ably/field/field_137.jpg
의류,아우터,야상,상세페이지 참조,상세페이지 참조,"[193.25210698215432, 189.85590297603807, 178.29963684535122]",https://a-bly.com/app/goods/1470280,상세페이지 참조,./images/ably/field/field_138.jpg
의류,아우터,야상,상세페이지 참조,상세페이지 참조,[],https://a-bly.com/app/goods/1223435,상세페이지 참조,./images/ably/field/field_139.jpg
의류,아우터,야상,상세페이지 참조,상세페이지 참조,"[206.22685470436147, 191.16946213002285, 171.17806531114888]",https://a-bly.com/app/goods/2384185,상세페이지 참조,./images/ably/field/field_140.jpg
의류,아우터,야상,상세페이지 참조,상세페이지 참조,"[131.13152907843136, 120.8529611980965, 111.29505271098536]",https://a-bly.com/app/goods/499422,상세페이지 참조,./images/ably/field/field_141.jpg
의류,아우터,야상,74,"블랙, 차콜, 카키","[135.16698921758487, 140.00551216477803, 131.68701617362515]",https://a-bly.com/app/goods/1286758,42,./images/ably/field/field_142.jpg
의류,아우터,야상,상세페이지 참조,상세페이지 참조,"[29.27954201362209, 33.53930734292672, 38.742865253588946]",https://a-bly.com/app/goods/3779332,상세페이지 참조,./images/ably/field/field_143.jpg
의류,아우터,야상,상세페이지 참조,상세페이지 참조,"[201.30687565075328, 194.50572661015275, 187.1224341811693]",https://a-bly.com/app/goods/2945205,상세페이지 참조,./images/ably/field/field_144.jpg
의류,아우터,야상,상세페이지 참조,상세페이지 참조,"[215.82129554521566, 207.66050292185164, 179.22414620822417]",https://a-bly.com/app/goods/3198008,상세페이지 참조,./images/ably/field/field_145.jpg
의류,아우터,야상,상세페이지 참조,상세페이지 참조,"[17.825654291628922, 20.721853224262503, 26.917802791941796]",https://a-bly.com/app/goods/1330348,상세페이지 참조,./images/ably/field/field_146.jpg
의류,아우터,야상,48,"아이보리,다크그레이,베이지,카키","[24.51395151567931, 24.586075271206752, 24.56902093844377]",https://a-bly.com/app/goods/1860037,45,./images/ably/field/field_147.jpg
의류,아우터,야상,상세페이지 참조,상세페이지 참조,"[212.3005965646052, 209.79027668255299, 198.96948606301788]",https://a-bly.com/app/goods/455867,상세페이지 참조,./images/ably/field/field_148.jpg
의류,아우터,야상,52,"아이보리,소라","[164.543517324897, 162.27028399546998, 156.75967811242685]",https://a-bly.com/app/goods/601230,60,./images/ably/field/field_149.jpg
의류,아우터,야상,71,"베이지, 네이비","[146.25687366332053, 132.70281882815192, 117.68717365754051]",https://a-bly.com/app/goods/3570889,50,./images/ably/field/field_150.jpg
의류,아우터,야상,115,"블랙, 라이트그레이, 카키","[175.55764086540557, 170.8955680626553, 150.47893171264053]",https://a-bly.com/app/goods/1903867,56.5,./images/ably/field/field_151.jpg
의류,아우터,야상,상세페이지 참조,상세페이지 참조,[],https://a-bly.com/app/goods/3761450,상세페이지 참조,./images/ably/field/field_152.jpg
의류,아우터,야상,상세페이지 참조,상세페이지 참조,"[209.37011571027523, 205.53332809461506, 193.2157436693338]",https://a-bly.com/app/goods/3297845,상세페이지 참조,./images/ably/field/field_153.jpg
의류,아우터,야상,상세페이지 참조,상세페이지 참조,"[114.59315649531867, 108.87819701190054, 102.83815522916235]",https://a-bly.com/app/goods/3481801,상세페이지 참조,./images/ably/field/field_154.jpg
의류,아우터,야상,48,FREE,"[142.0804636472378, 117.50084327374307, 87.53935788538075]",https://a-bly.com/app/goods/546100,40.5,./images/ably/field/field_155.jpg
의류,아우터,야상,73,"카키, 블랙(품절), 베이지","[186.1133635111252, 169.4807518205075, 151.05351308797532]",https://a-bly.com/app/goods/2034269,59,./images/ably/field/field_156.jpg
의류,아우터,야상,92,"블랙, 베이지","[208.8125985872113, 204.22702489541976, 194.65446471434888]",https://a-bly.com/app/goods/3249225,65,./images/ably/field/field_157.jpg
의류,아우터,야상,상세페이지 참조,상세페이지 참조,"[196.74801552813307, 191.46800703014236, 185.0306120478205]",https://a-bly.com/app/goods/2894969,상세페이지 참조,./images/ably/field/field_158.jpg
의류,아우터,야상,상세페이지 참조,상세페이지 참조,"[165.22920292377253, 162.10515527710066, 136.6366941253814]",https://a-bly.com/app/goods/661561,상세페이지 참조,./images/ably/field/field_159.jpg
의류,아우터,야상,상세페이지 참조,FREE,"[160.91616776508965, 143.22166322885496, 134.16137579446826]",https://a-bly.com/app/goods/2445954,상세페이지 참조,./images/ably/field/field_160.jpg
의류,아우터,야상,상세페이지 참조,"카키,블랙","[51.91071238533294, 53.98088670368847, 48.95066300577734]",https://a-bly.com/app/goods/1222341,상세페이지 참조,./images/ably/field/field_161.jpg
의류,아우터,야상,상세페이지 참조,상세페이지 참조,"[198.09080558496052, 189.83410902262548, 185.98162315481653]",https://a-bly.com/app/goods/538697,상세페이지 참조,./images/ably/field/field_162.jpg
의류,아우터,야상,45,"카키,블랙","[31.849568988782963, 32.63613295661841, 36.251156261811374]",https://a-bly.com/app/goods/1252237,49,./images/ably/field/field_163.jpg
의류,아우터,야상,108,"블랙, 라이트그레이","[44.5782337610944, 45.35290139544331, 47.27051100188284]",https://a-bly.com/app/goods/1984621,58,./images/ably/field/field_164.jpg
의류,아우터,야상,상세페이지 참조,상세페이지 참조,"[55.94268350298236, 55.974058325811825, 52.096808830483624]",https://a-bly.com/app/goods/2111519,상세페이지 참조,./images/ably/field/field_165.jpg
의류,아우터,야상,상세페이지 참조,상세페이지 참조,"[175.1459570957121, 149.76947194719122, 133.47599009901268]",https://a-bly.com/app/goods/573239,상세페이지 참조,./images/ably/field/field_166.jpg
의류,아우터,야상,상세페이지 참조,상세페이지 참조,"[10.422425458457042, 10.313937753723451, 13.620829639303395]",https://a-bly.com/app/goods/3707936,상세페이지 참조,./images/ably/field/field_167.jpg
의류,아우터,야상,상세페이지 참조,"화이트 , 카키 , 블랙","[169.47896829065354, 168.29661643709036, 160.21933068318316]",https://a-bly.com/app/goods/2314560,상세페이지 참조,./images/ably/field/field_168.jpg
의류,아우터,야상,상세페이지 참조,상세페이지 참조,"[55.09901858426795, 56.569054082264294, 52.034161620388055]",https://a-bly.com/app/goods/1331364,상세페이지 참조,./images/ably/field/field_169.jpg
의류,아우터,야상,상세페이지 참조,상세페이지 참조,"[176.58525488976144, 161.44565851382328, 148.864194890539]",https://a-bly.com/app/goods/1869796,상세페이지 참조,./images/ably/field/field_170.jpg
의류,아우터,야상,상세페이지 참조,상세페이지 참조,"[159.1020004317459, 140.07512412750768, 131.6469381880957]",https://a-bly.com/app/goods/2447553,상세페이지 참조,./images/ably/field/field_171.jpg
의류,아우터,야상,45,상세페이지 참조,"[152.36623938304507, 145.965895471837, 139.11122401125576]",https://a-bly.com/app/goods/3849154,42,./images/ably/field/field_172.jpg
의류,아우터,야상,67,FREE,"[216.7093790405386, 213.99693332891604, 208.01113947551013]",https://a-bly.com/app/goods/59199,44,./images/ably/field/field_173.jpg
의류,아우터,야상,상세페이지 참조,상세페이지 참조,"[15.285981402861069, 13.978269658363416, 14.280473013955685]",https://a-bly.com/app/goods/3648425,상세페이지 참조,./images/ably/field/field_174.jpg
의류,아우터,야상,상세페이지 참조,크림/카키/다크그레이/베이지,"[77.86068569702256, 85.06020238634864, 70.39021295876218]",https://a-bly.com/app/goods/615064,상세페이지 참조,./images/ably/field/field_175.jpg
의류,아우터,야상,상세페이지 참조,"베이지,블랙,카키",[],https://a-bly.com/app/goods/556472,상세페이지 참조,./images/ably/field/field_176.jpg
의류,아우터,야상,상세페이지 참조,상세페이지 참조,"[160.30094662872415, 141.96358673558296, 117.28390150415417]",https://a-bly.com/app/goods/536682,상세페이지 참조,./images/ably/field/field_177.jpg
의류,아우터,야상,상세페이지 참조,상세페이지 참조,"[135.2694086152348, 130.3407818757061, 121.00962410672871]",https://a-bly.com/app/goods/805877,상세페이지 참조,./images/ably/field/field_178.jpg
의류,아우터,야상,상세페이지 참조,상세페이지 참조,"[117.53834096937243, 112.05471827023582, 87.59123060846625]",https://a-bly.com/app/goods/1308513,상세페이지 참조,./images/ably/field/field_179.jpg
의류,아우터,야상,상세페이지 참조,상세페이지 참조,"[197.1135616987171, 198.85378605768457, 197.3827323717996]",https://a-bly.com/app/goods/2080553,상세페이지 참조,./images/ably/field/field_180.jpg
의류,아우터,야상,50,"아이보리,베이지,라이트그레이,블랙","[151.42946689630412, 135.7037289221753, 116.14060559939261]",https://a-bly.com/app/goods/1329991,44,./images/ably/field/field_181.jpg
의류,아우터,야상,62,"베이지, 블랙","[135.80616042291058, 134.3026966163459, 124.4993415904876]",https://a-bly.com/app/goods/687642,50,./images/ably/field/field_182.jpg
의류,아우터,야상,상세페이지 참조,상세페이지 참조,"[27.730616456022076, 28.59719714555648, 32.14009113575587]",https://a-bly.com/app/goods/1952055,상세페이지 참조,./images/ably/field/field_183.jpg
의류,아우터,야상,상세페이지 참조,상세페이지 참조,"[217.64072584600086, 217.93753800882666, 220.87958803334288]",https://a-bly.com/app/goods/3832763,상세페이지 참조,./images/ably/field/field_184.jpg
의류,아우터,야상,상세페이지 참조,상세페이지 참조,"[195.7853875310397, 177.99663442687051, 162.06672330413897]",https://a-bly.com/app/goods/3770586,상세페이지 참조,./images/ably/field/field_185.jpg
의류,아우터,야상,상세페이지 참조,상세페이지 참조,"[153.25560303239374, 137.27123363197913, 115.63859407305178]",https://a-bly.com/app/goods/1299532,상세페이지 참조,./images/ably/field/field_186.jpg
의류,아우터,야상,47,카키 블랙,"[119.81737513732566, 120.2787754584624, 97.95575931716968]",https://a-bly.com/app/goods/1295784,57,./images/ably/field/field_187.jpg
의류,아우터,야상,상세페이지 참조,FREE,"[204.2726728102475, 188.79874191673147, 183.96331471464043]",https://a-bly.com/app/goods/3814025,상세페이지 참조,./images/ably/field/field_188.jpg
의류,아우터,야상,상세페이지 참조,상세페이지 참조,"[30.80153060226408, 34.94809261904696, 33.053062183149635]",https://a-bly.com/app/goods/2017766,상세페이지 참조,./images/ably/field/field_189.jpg
의류,아우터,야상,상세페이지 참조,상세페이지 참조,"[22.0273239739887, 16.641377329368026, 15.887867581049278]",https://a-bly.com/app/goods/2327398,상세페이지 참조,./images/ably/field/field_190.jpg
의류,아우터,야상,상세페이지 참조,"아이보리,베이지,블랙","[214.19657142857346, 215.56822408963973, 216.1292773109224]",https://a-bly.com/app/goods/816615,상세페이지 참조,./images/ably/field/field_191.jpg
의류,아우터,야상,상세페이지 참조,상세페이지 참조,"[157.25347800639022, 143.6532123722443, 129.00047273873804]",https://a-bly.com/app/goods/933598,상세페이지 참조,./images/ably/field/field_192.jpg
의류,아우터,야상,상세페이지 참조,상세페이지 참조,[],https://a-bly.com/app/goods/3689218,상세페이지 참조,./images/ably/field/field_193.jpg
의류,아우터,야상,상세페이지 참조,상세페이지 참조,"[158.8371302621396, 152.59329676616105, 146.3041020291406]",https://a-bly.com/app/goods/3278529,상세페이지 참조,./images/ably/field/field_194.jpg
의류,아우터,야상,상세페이지 참조,상세페이지 참조,"[143.17731177829177, 135.49298845265477, 129.1778290993056]",https://a-bly.com/app/goods/2283582,상세페이지 참조,./images/ably/field/field_195.jpg
의류,아우터,야상,상세페이지 참조,상세페이지 참조,"[218.99081501684572, 215.55468875340313, 208.83370768490337]",https://a-bly.com/app/goods/90615,상세페이지 참조,./images/ably/field/field_196.jpg
의류,아우터,야상,상세페이지 참조,상세페이지 참조,"[124.03536761362543, 111.6156613882151, 101.16288080975835]",https://a-bly.com/app/goods/3860558,상세페이지 참조,./images/ably/field/field_197.jpg
의류,아우터,야상,상세페이지 참조,상세페이지 참조,"[223.18164352458078, 218.46642214654398, 208.4474063400574]",https://a-bly.com/app/goods/3576360,상세페이지 참조,./images/ably/field/field_198.jpg
의류,아우터,야상,상세페이지 참조,상세페이지 참조,"[213.91473810549306, 211.85428079030538, 208.12791592293584]",https://a-bly.com/app/goods/397042,상세페이지 참조,./images/ably/field/field_199.jpg
